ClusterID,Latitude,Longitude
100412,-35.85585585585586,148.64864864864865
101407,-36.21621621621622,146.84684684684683
92411,-32.97297297297297,148.28828828828827
96417,-34.41441441441441,150.45045045045043
97404,-34.77477477477478,145.76576576576576
94397,-33.69369369369369,143.24324324324323
87423,-31.17117117117117,152.6126126126126
96416,-34.41441441441441,150.0900900900901
93419,-33.33333333333333,151.17117117117115
97411,-34.77477477477478,148.28828828828827
91420,-32.61261261261261,151.53153153153153
97414,-34.77477477477478,149.36936936936937
89421,-31.89189189189189,151.89189189189187
95406,-34.05405405405405,146.48648648648648
90414,-32.25225225225225,149.36936936936937
88416,-31.53153153153153,150.0900900900901
90423,-32.25225225225225,152.6126126126126
92412,-32.97297297297297,148.64864864864865
99411,-35.4954954954955,148.28828828828827
92421,-32.97297297297297,151.89189189189187
86391,-30.81081081081081,141.08108108108107
79423,-28.288288288288285,152.6126126126126
99416,-35.4954954954955,150.0900900900901
89422,-31.89189189189189,152.25225225225225
89411,-31.89189189189189,148.28828828828827
95418,-34.05405405405405,150.8108108108108
95419,-34.05405405405405,151.17117117117115
92420,-32.97297297297297,151.53153153153153
100416,-35.85585585585586,150.0900900900901
86407,-30.81081081081081,146.84684684684683
80425,-28.648648648648646,153.33333333333331
81425,-29.00900900900901,153.33333333333331
91416,-32.61261261261261,150.0900900900901
82417,-29.36936936936937,150.45045045045043
94419,-33.69369369369369,151.17117117117115
98411,-35.13513513513514,148.28828828828827
91413,-32.61261261261261,149.009009009009
99417,-35.4954954954955,150.45045045045043
92413,-32.97297297297297,149.009009009009
101416,-36.21621621621622,150.0900900900901
80424,-28.648648648648646,152.97297297297297
91421,-32.61261261261261,151.89189189189187
93413,-33.33333333333333,149.009009009009
91415,-32.61261261261261,149.7297297297297
97418,-34.77477477477478,150.8108108108108
79425,-28.288288288288285,153.33333333333331
102415,-36.57657657657658,149.7297297297297
84402,-30.09009009009009,145.04504504504504
96401,-34.41441441441441,144.68468468468467
93420,-33.33333333333333,151.53153153153153
85424,-30.45045045045045,152.97297297297297
97410,-34.77477477477478,147.92792792792793
95416,-34.05405405405405,150.0900900900901
99414,-35.4954954954955,149.36936936936937
83424,-29.72972972972973,152.97297297297297
97417,-34.77477477477478,150.45045045045043
96418,-34.41441441441441,150.8108108108108
97413,-34.77477477477478,149.009009009009
95417,-34.05405405405405,150.45045045045043
100407,-35.85585585585586,146.84684684684683
94417,-33.69369369369369,150.45045045045043
97403,-34.77477477477478,145.4054054054054
98415,-35.13513513513514,149.7297297297297
88423,-31.53153153153153,152.6126126126126
94414,-33.69369369369369,149.36936936936937
98405,-35.13513513513514,146.1261261261261
84421,-30.09009009009009,151.89189189189187
87416,-31.17117117117117,150.0900900900901
83418,-29.72972972972973,150.8108108108108
80426,-28.648648648648646,153.6936936936937
84423,-30.09009009009009,152.6126126126126
101414,-36.21621621621622,149.36936936936937
91419,-32.61261261261261,151.17117117117115
94418,-33.69369369369369,150.8108108108108
93418,-33.33333333333333,150.8108108108108
83425,-29.72972972972973,153.33333333333331
102411,-36.57657657657658,148.28828828828827
88424,-31.53153153153153,152.97297297297297
95409,-34.05405405405405,147.56756756756755
92415,-32.97297297297297,149.7297297297297
90421,-32.25225225225225,151.89189189189187
97415,-34.77477477477478,149.7297297297297
98408,-35.13513513513514,147.2072072072072
84419,-30.09009009009009,151.17117117117115
95394,-34.05405405405405,142.16216216216216
92409,-32.97297297297297,147.56756756756755
95414,-34.05405405405405,149.36936936936937
81424,-29.00900900900901,152.97297297297297
80422,-28.648648648648646,152.25225225225225
99400,-35.4954954954955,144.32432432432432
87421,-31.17117117117117,151.89189189189187
93404,-33.33333333333333,145.76576576576576
101413,-36.21621621621622,149.009009009009
95404,-34.05405405405405,145.76576576576576
99410,-35.4954954954955,147.92792792792793
100408,-35.85585585585586,147.2072072072072
99408,-35.4954954954955,147.2072072072072
101415,-36.21621621621622,149.7297297297297
107405,-38.37837837837838,146.1261261261261
101403,-36.21621621621622,145.4054054054054
102399,-36.57657657657658,143.96396396396395
103397,-36.93693693693694,143.24324324324323
107402,-38.37837837837838,145.04504504504504
99398,-35.4954954954955,143.6036036036036
106401,-38.01801801801802,144.68468468468467
105402,-37.65765765765766,145.04504504504504
105393,-37.65765765765766,141.8018018018018
103404,-36.93693693693694,145.76576576576576
101405,-36.21621621621622,146.1261261261261
106405,-38.01801801801802,146.1261261261261
102398,-36.57657657657658,143.6036036036036
102400,-36.57657657657658,144.32432432432432
106400,-38.01801801801802,144.32432432432432
106402,-38.01801801801802,145.04504504504504
105399,-37.65765765765766,143.96396396396395
105409,-37.65765765765766,147.56756756756755
104404,-37.2972972972973,145.76576576576576
101400,-36.21621621621622,144.32432432432432
104409,-37.2972972972973,147.56756756756755
104398,-37.2972972972973,143.6036036036036
106409,-38.01801801801802,147.56756756756755
104397,-37.2972972972973,143.24324324324323
104403,-37.2972972972973,145.4054054054054
104394,-37.2972972972973,142.16216216216216
102392,-36.57657657657658,141.44144144144144
97394,-34.77477477477478,142.16216216216216
103401,-36.93693693693694,144.68468468468467
108406,-38.73873873873874,146.48648648648648
107406,-38.37837837837838,146.48648648648648
104405,-37.2972972972973,146.1261261261261
107398,-38.37837837837838,143.6036036036036
107400,-38.37837837837838,144.32432432432432
103400,-36.93693693693694,144.32432432432432
101393,-36.21621621621622,141.8018018018018
101402,-36.21621621621622,145.04504504504504
106403,-38.01801801801802,145.4054054054054
103405,-36.93693693693694,146.1261261261261
102406,-36.57657657657658,146.48648648648648
104408,-37.2972972972973,147.2072072072072
107399,-38.37837837837838,143.96396396396395
102402,-36.57657657657658,145.04504504504504
101401,-36.21621621621622,144.68468468468467
105398,-37.65765765765766,143.6036036036036
106395,-38.01801801801802,142.5225225225225
104410,-37.2972972972973,147.92792792792793
104406,-37.2972972972973,146.48648648648648
107403,-38.37837837837838,145.4054054054054
105403,-37.65765765765766,145.4054054054054
105395,-37.65765765765766,142.5225225225225
105408,-37.65765765765766,147.2072072072072
102405,-36.57657657657658,146.1261261261261
104402,-37.2972972972973,145.04504504504504
106399,-38.01801801801802,143.96396396396395
106396,-38.01801801801802,142.88288288288288
107395,-38.37837837837838,142.5225225225225
103395,-36.93693693693694,142.5225225225225
100399,-35.85585585585586,143.96396396396395
105396,-37.65765765765766,142.88288288288288
106394,-38.01801801801802,142.16216216216216
104414,-37.2972972972973,149.36936936936937
102397,-36.57657657657658,143.24324324324323
108397,-38.73873873873874,143.24324324324323
65414,-23.243243243243242,149.36936936936937
72422,-25.765765765765764,152.25225225225225
67411,-23.963963963963963,148.28828828828827
70422,-25.045045045045043,152.25225225225225
59413,-21.08108108108108,149.009009009009
69419,-24.684684684684683,151.17117117117115
75424,-26.846846846846844,152.97297297297297
78425,-27.927927927927925,153.33333333333331
74420,-26.486486486486484,151.53153153153153
77421,-27.567567567567565,151.89189189189187
77409,-27.567567567567565,147.56756756756755
69403,-24.684684684684683,145.4054054054054
75422,-26.846846846846844,152.25225225225225
78421,-27.927927927927925,151.89189189189187
76424,-27.207207207207205,152.97297297297297
79424,-28.288288288288285,152.97297297297297
49405,-17.47747747747748,146.1261261261261
70419,-25.045045045045043,151.17117117117115
77424,-27.567567567567565,152.97297297297297
61414,-21.8018018018018,149.36936936936937
77422,-27.567567567567565,152.25225225225225
79420,-28.288288288288285,151.53153153153153
77425,-27.567567567567565,153.33333333333331
56405,-20.0,146.1261261261261
74424,-26.486486486486484,152.97297297297297
70423,-25.045045045045043,152.6126126126126
51409,-18.1981981981982,147.56756756756755
64411,-22.882882882882882,148.28828828828827
78423,-27.927927927927925,152.6126126126126
46403,-16.396396396396394,145.4054054054054
54407,-19.27927927927928,146.84684684684683
66419,-23.603603603603602,151.17117117117115
80421,-28.648648648648646,151.89189189189187
71421,-25.405405405405403,151.89189189189187
73423,-26.126126126126124,152.6126126126126
66415,-23.603603603603602,149.7297297297297
48405,-17.117117117117115,146.1261261261261
47404,-16.756756756756754,145.76576576576576
73421,-26.126126126126124,151.89189189189187
53392,-18.91891891891892,141.44144144144144
78422,-27.927927927927925,152.25225225225225
47402,-16.756756756756754,145.04504504504504
77423,-27.567567567567565,152.6126126126126
46400,-16.396396396396394,144.32432432432432
55409,-19.63963963963964,147.56756756756755
73416,-26.126126126126124,150.0900900900901
74412,-26.486486486486484,148.64864864864865
55408,-19.63963963963964,147.2072072072072
74422,-26.486486486486484,152.25225225225225
75423,-26.846846846846844,152.6126126126126
73420,-26.126126126126124,151.53153153153153
43393,-15.315315315315315,141.8018018018018
75418,-26.846846846846844,150.8108108108108
52405,-18.55855855855856,146.1261261261261
78424,-27.927927927927925,152.97297297297297
65411,-23.243243243243242,148.28828828828827
66417,-23.603603603603602,150.45045045045043
72420,-25.765765765765764,151.53153153153153
72411,-25.765765765765764,148.28828828828827
69421,-24.684684684684683,151.89189189189187
76421,-27.207207207207205,151.89189189189187
71424,-25.405405405405403,152.97297297297297
69422,-24.684684684684683,152.25225225225225
71420,-25.405405405405403,151.53153153153153
67419,-23.963963963963963,151.17117117117115
75417,-26.846846846846844,150.45045045045043
34396,-12.072072072072071,142.88288288288288
57412,-20.36036036036036,148.64864864864865
74407,-26.486486486486484,146.84684684684683
80420,-28.648648648648646,151.53153153153153
56392,-20.0,141.44144144144144
76416,-27.207207207207205,150.0900900900901
72423,-25.765765765765764,152.6126126126126
75413,-26.846846846846844,149.009009009009
48403,-17.117117117117115,145.4054054054054
47403,-16.756756756756754,145.4054054054054
75420,-26.846846846846844,151.53153153153153
73422,-26.126126126126124,152.25225225225225
67414,-23.963963963963963,149.36936936936937
94382,-33.69369369369369,137.83783783783784
100382,-35.85585585585586,137.83783783783784
94384,-33.69369369369369,138.55855855855856
96382,-34.41441441441441,137.83783783783784
96388,-34.41441441441441,140.0
95387,-34.05405405405405,139.63963963963963
96387,-34.41441441441441,139.63963963963963
98384,-35.13513513513514,138.55855855855856
97385,-34.77477477477478,138.9189189189189
100387,-35.85585585585586,139.63963963963963
94383,-33.69369369369369,138.19819819819818
91382,-32.61261261261261,137.83783783783784
97384,-34.77477477477478,138.55855855855856
86386,-30.81081081081081,139.27927927927928
96390,-34.41441441441441,140.72072072072072
89384,-31.89189189189189,138.55855855855856
102389,-36.57657657657658,140.36036036036035
96385,-34.41441441441441,138.9189189189189
101389,-36.21621621621622,140.36036036036035
99385,-35.4954954954955,138.9189189189189
95388,-34.05405405405405,140.0
105390,-37.65765765765766,140.72072072072072
93379,-33.33333333333333,136.75675675675674
97388,-34.77477477477478,140.0
98386,-35.13513513513514,139.27927927927928
90378,-32.25225225225225,136.3963963963964
84385,-30.09009009009009,138.9189189189189
93374,-33.33333333333333,134.95495495495496
99384,-35.4954954954955,138.55855855855856
95383,-34.05405405405405,138.19819819819818
104390,-37.2972972972973,140.72072072072072
91372,-32.61261261261261,134.23423423423424
95378,-34.05405405405405,136.3963963963964
95384,-34.05405405405405,138.55855855855856
96384,-34.41441441441441,138.55855855855856
91384,-32.61261261261261,138.55855855855856
97389,-34.77477477477478,140.36036036036035
93384,-33.33333333333333,138.55855855855856
89369,-31.89189189189189,133.15315315315314
98385,-35.13513513513514,138.9189189189189
93322,-33.33333333333333,116.21621621621621
58326,-20.72072072072072,117.65765765765765
89323,-31.89189189189189,116.57657657657657
89321,-31.89189189189189,115.85585585585585
98327,-35.13513513513514,118.01801801801801
90321,-32.25225225225225,115.85585585585585
96326,-34.41441441441441,117.65765765765765
88325,-31.53153153153153,117.29729729729729
93324,-33.33333333333333,116.93693693693693
94323,-33.69369369369369,116.57657657657657
85329,-30.45045045045045,118.73873873873873
63317,-22.52252252252252,114.41441441441441
91320,-32.61261261261261,115.49549549549549
57329,-20.36036036036036,118.73873873873873
94320,-33.69369369369369,115.49549549549549
96324,-34.41441441441441,116.93693693693693
58324,-20.72072072072072,116.93693693693693
72319,-25.765765765765764,115.13513513513513
51354,-18.1981981981982,127.74774774774774
95322,-34.05405405405405,116.21621621621621
79317,-28.288288288288285,114.41441441441441
80318,-28.648648648648646,114.77477477477477
88323,-31.53153153153153,116.57657657657657
93325,-33.33333333333333,117.29729729729729
95324,-34.05405405405405,116.93693693693693
86327,-30.81081081081081,118.01801801801801
97327,-34.77477477477478,118.01801801801801
91326,-32.61261261261261,117.65765765765765
83338,-29.72972972972973,121.98198198198197
87327,-31.17117117117117,118.01801801801801
46357,-16.396396396396394,128.82882882882882
86337,-30.81081081081081,121.62162162162161
95325,-34.05405405405405,117.29729729729729
70315,-25.045045045045043,113.69369369369369
74329,-26.486486486486484,118.73873873873873
97329,-34.77477477477478,118.73873873873873
84323,-30.09009009009009,116.57657657657657
87322,-31.17117117117117,116.21621621621621
88322,-31.53153153153153,116.21621621621621
89326,-31.89189189189189,117.65765765765765
93327,-33.33333333333333,118.01801801801801
64332,-22.882882882882882,119.81981981981981
91321,-32.61261261261261,115.85585585585585
78328,-27.927927927927925,118.37837837837837
96321,-34.41441441441441,115.85585585585585
90322,-32.25225225225225,116.21621621621621
88324,-31.53153153153153,116.93693693693693
88329,-31.53153153153153,118.73873873873873
90323,-32.25225225225225,116.57657657657657
88326,-31.53153153153153,117.65765765765765
59342,-21.08108108108108,123.42342342342342
95338,-34.05405405405405,121.98198198198197
81319,-29.00900900900901,115.13513513513513
88321,-31.53153153153153,115.85585585585585
86321,-30.81081081081081,115.85585585585585
115405,-41.26126126126126,146.1261261261261
112410,-40.18018018018018,147.92792792792793
115410,-41.26126126126126,147.92792792792793
119408,-42.7027027027027,147.2072072072072
114402,-40.9009009009009,145.04504504504504
116408,-41.62162162162162,147.2072072072072
115408,-41.26126126126126,147.2072072072072
114403,-40.9009009009009,145.4054054054054
111399,-39.81981981981982,143.96396396396395
115407,-41.26126126126126,146.84684684684683
116406,-41.62162162162162,146.48648648648648
119407,-42.7027027027027,146.84684684684683
116405,-41.62162162162162,146.1261261261261
117407,-41.98198198198198,146.84684684684683
118410,-42.34234234234234,147.92792792792793
120409,-43.06306306306306,147.56756756756755
119409,-42.7027027027027,147.56756756756755
114404,-40.9009009009009,145.76576576576576
116411,-41.62162162162162,148.28828828828827
112411,-40.18018018018018,148.28828828828827
115406,-41.26126126126126,146.48648648648648
35363,-12.432432432432432,130.99099099099098
67371,-23.963963963963963,133.87387387387386
37363,-13.153153153153152,130.99099099099098
66371,-23.603603603603602,133.87387387387386
67365,-23.963963963963963,131.7117117117117
71363,-25.405405405405403,130.99099099099098
40376,-14.234234234234233,135.67567567567568
49372,-17.47747747747748,134.23423423423424
46365,-16.396396396396394,131.7117117117117
61371,-21.8018018018018,133.87387387387386
98413,-35.13513513513514,149.009009009009
99413,-35.4954954954955,149.009009009009
98410,-35.13513513513514,147.92792792792793
98409,-35.13513513513514,147.56756756756755
82425,-29.36936936936937,153.33333333333331
95415,-34.05405405405405,149.7297297297297
85419,-30.45045045045045,151.17117117117115
89419,-31.89189189189189,151.17117117117115
80416,-28.648648648648646,150.0900900900901
80423,-28.648648648648646,152.6126126126126
98418,-35.13513513513514,150.8108108108108
102416,-36.57657657657658,150.0900900900901
88404,-31.53153153153153,145.76576576576576
86411,-30.81081081081081,148.28828828828827
102412,-36.57657657657658,148.64864864864865
79426,-28.288288288288285,153.6936936936937
93416,-33.33333333333333,150.0900900900901
98406,-35.13513513513514,146.48648648648648
83409,-29.72972972972973,147.56756756756755
81426,-29.00900900900901,153.6936936936937
93415,-33.33333333333333,149.7297297297297
93414,-33.33333333333333,149.36936936936937
88393,-31.53153153153153,141.8018018018018
89410,-31.89189189189189,147.92792792792793
88422,-31.53153153153153,152.25225225225225
100415,-35.85585585585586,149.7297297297297
86424,-30.81081081081081,152.97297297297297
100409,-35.85585585585586,147.56756756756755
89423,-31.89189189189189,152.6126126126126
90402,-32.25225225225225,145.04504504504504
96415,-34.41441441441441,149.7297297297297
99415,-35.4954954954955,149.7297297297297
91418,-32.61261261261261,150.8108108108108
93412,-33.33333333333333,148.64864864864865
90407,-32.25225225225225,146.84684684684683
90420,-32.25225225225225,151.53153153153153
90418,-32.25225225225225,150.8108108108108
82422,-29.36936936936937,152.25225225225225
94412,-33.69369369369369,148.64864864864865
91404,-32.61261261261261,145.76576576576576
98400,-35.13513513513514,144.32432432432432
96395,-34.41441441441441,142.5225225225225
99407,-35.4954954954955,146.84684684684683
87412,-31.17117117117117,148.64864864864865
96408,-34.41441441441441,147.2072072072072
85420,-30.45045045045045,151.53153153153153
100405,-35.85585585585586,146.1261261261261
102414,-36.57657657657658,149.36936936936937
83420,-29.72972972972973,151.53153153153153
104415,-37.2972972972973,149.7297297297297
80418,-28.648648648648646,150.8108108108108
86412,-30.81081081081081,148.64864864864865
82421,-29.36936936936937,151.89189189189187
86415,-30.81081081081081,149.7297297297297
104400,-37.2972972972973,144.32432432432432
105411,-37.65765765765766,148.28828828828827
102401,-36.57657657657658,144.68468468468467
103410,-36.93693693693694,147.92792792792793
106407,-38.01801801801802,146.84684684684683
101406,-36.21621621621622,146.48648648648648
100397,-35.85585585585586,143.24324324324323
107404,-38.37837837837838,145.76576576576576
103403,-36.93693693693694,145.4054054054054
106404,-38.01801801801802,145.76576576576576
103399,-36.93693693693694,143.96396396396395
100398,-35.85585585585586,143.6036036036036
106392,-38.01801801801802,141.44144144144144
100400,-35.85585585585586,144.32432432432432
104399,-37.2972972972973,143.96396396396395
105406,-37.65765765765766,146.48648648648648
104401,-37.2972972972973,144.68468468468467
105412,-37.65765765765766,148.64864864864865
102396,-36.57657657657658,142.88288288288288
101396,-36.21621621621622,142.88288288288288
105401,-37.65765765765766,144.68468468468467
103398,-36.93693693693694,143.6036036036036
99396,-35.4954954954955,142.88288288288288
102391,-36.57657657657658,141.08108108108107
104393,-37.2972972972973,141.8018018018018
107401,-38.37837837837838,144.68468468468467
108407,-38.73873873873874,146.84684684684683
102403,-36.57657657657658,145.4054054054054
102408,-36.57657657657658,147.2072072072072
107396,-38.37837837837838,142.88288288288288
107394,-38.37837837837838,142.16216216216216
98397,-35.13513513513514,143.24324324324323
103392,-36.93693693693694,141.44144144144144
103394,-36.93693693693694,142.16216216216216
101398,-36.21621621621622,143.6036036036036
101404,-36.21621621621622,145.76576576576576
68415,-24.324324324324323,149.7297297297297
53406,-18.91891891891892,146.48648648648648
47400,-16.756756756756754,144.32432432432432
70420,-25.045045045045043,151.53153153153153
68419,-24.324324324324323,151.17117117117115
70417,-25.045045045045043,150.45045045045043
51405,-18.1981981981982,146.1261261261261
74423,-26.486486486486484,152.6126126126126
64414,-22.882882882882882,149.36936936936937
54406,-19.27927927927928,146.48648648648648
78419,-27.927927927927925,151.17117117117115
50404,-17.83783783783784,145.76576576576576
74416,-26.486486486486484,150.0900900900901
42395,-14.954954954954955,142.5225225225225
71419,-25.405405405405403,151.17117117117115
76422,-27.207207207207205,152.25225225225225
59412,-21.08108108108108,148.64864864864865
49403,-17.47747747747748,145.4054054054054
67415,-23.963963963963963,149.7297297297297
74421,-26.486486486486484,151.89189189189187
81420,-29.00900900900901,151.53153153153153
28396,-9.90990990990991,142.88288288288288
50405,-17.83783783783784,146.1261261261261
58412,-20.72072072072072,148.64864864864865
48404,-17.117117117117115,145.76576576576576
77420,-27.567567567567565,151.53153153153153
69420,-24.684684684684683,151.53153153153153
64417,-22.882882882882882,150.45045045045043
65416,-23.243243243243242,150.0900900900901
75412,-26.846846846846844,148.64864864864865
46399,-16.396396396396394,143.96396396396395
51404,-18.1981981981982,145.76576576576576
75421,-26.846846846846844,151.89189189189187
79414,-28.288288288288285,149.36936936936937
79419,-28.288288288288285,151.17117117117115
65418,-23.243243243243242,150.8108108108108
72424,-25.765765765765764,152.97297297297297
74418,-26.486486486486484,150.8108108108108
67420,-23.963963963963963,151.53153153153153
79421,-28.288288288288285,151.89189189189187
59414,-21.08108108108108,149.36936936936937
80419,-28.648648648648646,151.17117117117115
76413,-27.207207207207205,149.009009009009
65417,-23.243243243243242,150.45045045045043
65409,-23.243243243243242,147.56756756756755
68418,-24.324324324324323,150.8108108108108
71423,-25.405405405405403,152.6126126126126
81419,-29.00900900900901,151.17117117117115
79413,-28.288288288288285,149.009009009009
58387,-20.72072072072072,139.63963963963963
73424,-26.126126126126124,152.97297297297297
77412,-27.567567567567565,148.64864864864865
94385,-33.69369369369369,138.9189189189189
92383,-32.97297297297297,138.19819819819818
95386,-34.05405405405405,139.27927927927928
94374,-33.69369369369369,134.95495495495496
95376,-34.05405405405405,135.67567567567568
93385,-33.33333333333333,138.9189189189189
105389,-37.65765765765766,140.36036036036035
99383,-35.4954954954955,138.19819819819818
97386,-34.77477477477478,139.27927927927928
105391,-37.65765765765766,141.08108108108107
103391,-36.93693693693694,141.08108108108107
85384,-30.45045045045045,138.55855855855856
96377,-34.41441441441441,136.03603603603602
99387,-35.4954954954955,139.63963963963963
95385,-34.05405405405405,138.9189189189189
86365,-30.81081081081081,131.7117117117117
90381,-32.25225225225225,137.47747747747746
95390,-34.05405405405405,140.72072072072072
97381,-34.77477477477478,137.47747747747746
103388,-36.93693693693694,140.0
95382,-34.05405405405405,137.83783783783784
95377,-34.05405405405405,136.03603603603602
76360,-27.207207207207205,129.9099099099099
99386,-35.4954954954955,139.27927927927928
88365,-31.53153153153153,131.7117117117117
90325,-32.25225225225225,117.29729729729729
94319,-33.69369369369369,115.13513513513513
83319,-29.72972972972973,115.13513513513513
50339,-17.83783783783784,122.34234234234233
85328,-30.45045045045045,118.37837837837837
97323,-34.77477477477478,116.57657657657657
94321,-33.69369369369369,115.85585585585585
87320,-31.17117117117117,115.49549549549549
75317,-26.846846846846844,114.41441441441441
80327,-28.648648648648646,118.01801801801801
57330,-20.36036036036036,119.09909909909909
85324,-30.45045045045045,116.93693693693693
81318,-29.00900900900901,114.77477477477477
84325,-30.09009009009009,117.29729729729729
84322,-30.09009009009009,116.21621621621621
63329,-22.52252252252252,118.73873873873873
85319,-30.45045045045045,115.13513513513513
88327,-31.53153153153153,118.01801801801801
86326,-30.81081081081081,117.65765765765765
84319,-30.09009009009009,115.13513513513513
81337,-29.00900900900901,121.62162162162161
91330,-32.61261261261261,119.09909909909909
81320,-29.00900900900901,115.49549549549549
75318,-26.846846846846844,114.77477477477477
41349,-14.594594594594595,125.94594594594594
82319,-29.36936936936937,115.13513513513513
95328,-34.05405405405405,118.37837837837837
97326,-34.77477477477478,117.65765765765765
95329,-34.05405405405405,118.73873873873873
94322,-33.69369369369369,116.21621621621621
93321,-33.33333333333333,115.85585585585585
85323,-30.45045045045045,116.57657657657657
79330,-28.288288288288285,119.09909909909909
82318,-29.36936936936937,114.77477477477477
74334,-26.486486486486484,120.54054054054053
94338,-33.69369369369369,121.98198198198197
97322,-34.77477477477478,116.21621621621621
86344,-30.81081081081081,124.14414414414414
120408,-43.06306306306306,147.2072072072072
118408,-42.34234234234234,147.2072072072072
118409,-42.34234234234234,147.56756756756755
120410,-43.06306306306306,147.92792792792793
119410,-42.7027027027027,147.92792792792793
115403,-41.26126126126126,145.4054054054054
116407,-41.62162162162162,146.84684684684683
36363,-12.792792792792792,130.99099099099098
31367,-10.99099099099099,132.43243243243242
47364,-16.756756756756754,131.35135135135135
67373,-23.963963963963963,134.59459459459458
40359,-14.234234234234233,129.54954954954954
30293,-10.63063063063063,105.76576576576576
93393,-33.33333333333333,141.8018018018018
89406,-31.89189189189189,146.48648648648648
96405,-34.41441441441441,146.1261261261261
84414,-30.09009009009009,149.36936936936937
89408,-31.89189189189189,147.2072072072072
100402,-35.85585585585586,145.04504504504504
98414,-35.13513513513514,149.36936936936937
82423,-29.36936936936937,152.6126126126126
101412,-36.21621621621622,148.64864864864865
92419,-32.97297297297297,151.17117117117115
97409,-34.77477477477478,147.56756756756755
93410,-33.33333333333333,147.92792792792793
97412,-34.77477477477478,148.64864864864865
87424,-31.17117117117117,152.97297297297297
90419,-32.25225225225225,151.17117117117115
88413,-31.53153153153153,149.009009009009
95412,-34.05405405405405,148.64864864864865
97398,-34.77477477477478,143.6036036036036
101408,-36.21621621621622,147.2072072072072
96410,-34.41441441441441,147.92792792792793
96409,-34.41441441441441,147.56756756756755
84425,-30.09009009009009,153.33333333333331
88409,-31.53153153153153,147.56756756756755
103415,-36.93693693693694,149.7297297297297
87415,-31.17117117117117,149.7297297297297
94407,-33.69369369369369,146.84684684684683
84413,-30.09009009009009,149.009009009009
83419,-29.72972972972973,151.17117117117115
81423,-29.00900900900901,152.6126126126126
88419,-31.53153153153153,151.17117117117115
94391,-33.69369369369369,141.08108108108107
88411,-31.53153153153153,148.28828828828827
86417,-30.81081081081081,150.45045045045043
98416,-35.13513513513514,150.0900900900901
84424,-30.09009009009009,152.97297297297297
84417,-30.09009009009009,150.45045045045043
92416,-32.97297297297297,150.0900900900901
98417,-35.13513513513514,150.45045045045043
87419,-31.17117117117117,151.17117117117115
88417,-31.53153153153153,150.45045045045043
93417,-33.33333333333333,150.45045045045043
104416,-37.2972972972973,150.0900900900901
100396,-35.85585585585586,142.88288288288288
107392,-38.37837837837838,141.44144144144144
105392,-37.65765765765766,141.44144144144144
105404,-37.65765765765766,145.76576576576576
96394,-34.41441441441441,142.16216216216216
101399,-36.21621621621622,143.96396396396395
106408,-38.01801801801802,147.2072072072072
98396,-35.13513513513514,142.88288288288288
96393,-34.41441441441441,141.8018018018018
98395,-35.13513513513514,142.5225225225225
106410,-38.01801801801802,147.92792792792793
105400,-37.65765765765766,144.32432432432432
107397,-38.37837837837838,143.24324324324323
108398,-38.73873873873874,143.6036036036036
103408,-36.93693693693694,147.2072072072072
105410,-37.65765765765766,147.92792792792793
105394,-37.65765765765766,142.16216216216216
72401,-25.765765765765764,144.68468468468467
57410,-20.36036036036036,147.92792792792793
70421,-25.045045045045043,151.89189189189187
64418,-22.882882882882882,150.8108108108108
74417,-26.486486486486484,150.45045045045043
64416,-22.882882882882882,150.0900900900901
69409,-24.684684684684683,147.56756756756755
49404,-17.47747747747748,145.76576576576576
60410,-21.44144144144144,147.92792792792793
52399,-18.55855855855856,143.96396396396395
68421,-24.324324324324323,151.89189189189187
55406,-19.63963963963964,146.48648648648648
73412,-26.126126126126124,148.64864864864865
74415,-26.486486486486484,149.7297297297297
30394,-10.63063063063063,142.16216216216216
79422,-28.288288288288285,152.25225225225225
37397,-13.153153153153152,143.24324324324323
28397,-9.90990990990991,143.24324324324323
60413,-21.44144144144144,149.009009009009
68417,-24.324324324324323,150.45045045045043
45398,-16.036036036036034,143.6036036036036
78420,-27.927927927927925,151.53153153153153
49402,-17.47747747747748,145.04504504504504
72413,-25.765765765765764,149.009009009009
64410,-22.882882882882882,147.92792792792793
45403,-16.036036036036034,145.4054054054054
67416,-23.963963963963963,150.0900900900901
92382,-32.97297297297297,137.83783783783784
100389,-35.85585585585586,140.36036036036035
93377,-33.33333333333333,136.03603603603602
98382,-35.13513513513514,137.83783783783784
77390,-27.567567567567565,140.72072072072072
75381,-26.846846846846844,137.47747747747746
92374,-32.97297297297297,134.95495495495496
102388,-36.57657657657658,140.0
93378,-33.33333333333333,136.3963963963964
96375,-34.41441441441441,135.3153153153153
96383,-34.41441441441441,138.19819819819818
83383,-29.72972972972973,138.19819819819818
92373,-32.97297297297297,134.59459459459458
94377,-33.69369369369369,136.03603603603602
97390,-34.77477477477478,140.72072072072072
97387,-34.77477477477478,139.63963963963963
93376,-33.33333333333333,135.67567567567568
92375,-32.97297297297297,135.3153153153153
93326,-33.33333333333333,117.65765765765765
69313,-24.684684684684683,112.97297297297297
95326,-34.05405405405405,117.65765765765765
89350,-31.89189189189189,126.3063063063063
94339,-33.69369369369369,122.34234234234233
92323,-32.97297297297297,116.57657657657657
80320,-28.648648648648646,115.49549549549549
93320,-33.33333333333333,115.49549549549549
91325,-32.61261261261261,117.29729729729729
89337,-31.89189189189189,121.62162162162161
80315,-28.648648648648646,113.69369369369369
90328,-32.25225225225225,118.37837837837837
97325,-34.77477477477478,117.29729729729729
85325,-30.45045045045045,117.29729729729729
52338,-18.55855855855856,121.98198198198197
86323,-30.81081081081081,116.57657657657657
91324,-32.61261261261261,116.93693693693693
60325,-21.44144144144144,117.29729729729729
88354,-31.53153153153153,127.74774774774774
86325,-30.81081081081081,117.29729729729729
92327,-32.97297297297297,118.01801801801801
87326,-31.17117117117117,117.65765765765765
98325,-35.13513513513514,117.29729729729729
82324,-29.36936936936937,116.93693693693693
77334,-27.567567567567565,120.54054054054053
89331,-31.89189189189189,119.45945945945945
88334,-31.53153153153153,120.54054054054053
91323,-32.61261261261261,116.57657657657657
92325,-32.97297297297297,117.29729729729729
48355,-17.117117117117115,128.1081081081081
91322,-32.61261261261261,116.21621621621621
94325,-33.69369369369369,117.29729729729729
121408,-43.42342342342342,147.2072072072072
117411,-41.98198198198198,148.28828828828827
120407,-43.06306306306306,146.84684684684683
121407,-43.42342342342342,146.84684684684683
114411,-40.9009009009009,148.28828828828827
117405,-41.98198198198198,146.1261261261261
67367,-23.963963963963963,132.43243243243242
41369,-14.594594594594595,133.15315315315314
35362,-12.432432432432432,130.63063063063063
40366,-14.234234234234233,132.07207207207207
40372,-14.234234234234233,134.23423423423424
64375,-22.882882882882882,135.3153153153153
65359,-23.243243243243242,129.54954954954954
52361,-18.55855855855856,130.27027027027026
63362,-22.52252252252252,130.63063063063063
85417,-30.45045045045045,150.45045045045043
99406,-35.4954954954955,146.48648648648648
99409,-35.4954954954955,147.56756756756755
87410,-31.17117117117117,147.92792792792793
94415,-33.69369369369369,149.7297297297297
89420,-31.89189189189189,151.53153153153153
90413,-32.25225225225225,149.009009009009
103413,-36.93693693693694,149.009009009009
89414,-31.89189189189189,149.36936936936937
97406,-34.77477477477478,146.48648648648648
92410,-32.97297297297297,147.92792792792793
102413,-36.57657657657658,149.009009009009
85415,-30.45045045045045,149.7297297297297
89417,-31.89189189189189,150.45045045045043
98398,-35.13513513513514,143.6036036036036
90422,-32.25225225225225,152.25225225225225
88420,-31.53153153153153,151.53153153153153
89418,-31.89189189189189,150.8108108108108
90415,-32.25225225225225,149.7297297297297
87395,-31.17117117117117,142.5225225225225
89409,-31.89189189189189,147.56756756756755
85394,-30.45045045045045,142.16216216216216
95393,-34.05405405405405,141.8018018018018
95413,-34.05405405405405,149.009009009009
100413,-35.85585585585586,149.009009009009
93407,-33.33333333333333,146.84684684684683
83423,-29.72972972972973,152.6126126126126
86423,-30.81081081081081,152.6126126126126
94406,-33.69369369369369,146.48648648648648
86422,-30.81081081081081,152.25225225225225
88418,-31.53153153153153,150.8108108108108
86418,-30.81081081081081,150.8108108108108
101395,-36.21621621621622,142.5225225225225
100403,-35.85585585585586,145.4054054054054
102407,-36.57657657657658,146.84684684684683
104411,-37.2972972972973,148.28828828828827
100406,-35.85585585585586,146.48648648648648
101397,-36.21621621621622,143.24324324324323
106406,-38.01801801801802,146.48648648648648
107408,-38.37837837837838,147.2072072072072
102395,-36.57657657657658,142.5225225225225
103406,-36.93693693693694,146.48648648648648
104395,-37.2972972972973,142.5225225225225
103396,-36.93693693693694,142.88288288288288
105413,-37.65765765765766,149.009009009009
102404,-36.57657657657658,145.76576576576576
108404,-38.73873873873874,145.76576576576576
71422,-25.405405405405403,152.25225225225225
73417,-26.126126126126124,150.45045045045043
81421,-29.00900900900901,151.89189189189187
53405,-18.91891891891892,146.1261261261261
68416,-24.324324324324323,150.0900900900901
76420,-27.207207207207205,151.53153153153153
50387,-17.83783783783784,139.63963963963963
69417,-24.684684684684683,150.45045045045043
62414,-22.16216216216216,149.36936936936937
72421,-25.765765765765764,151.89189189189187
66416,-23.603603603603602,150.0900900900901
77403,-27.567567567567565,145.4054054054054
69416,-24.684684684684683,150.0900900900901
59389,-21.08108108108108,140.36036036036035
60412,-21.44144144144144,148.64864864864865
76423,-27.207207207207205,152.6126126126126
30395,-10.63063063063063,142.5225225225225
27395,-9.54954954954955,142.5225225225225
65383,-23.243243243243242,138.19819819819818
73409,-26.126126126126124,147.56756756756755
79418,-28.288288288288285,150.8108108108108
73415,-26.126126126126124,149.7297297297297
76415,-27.207207207207205,149.7297297297297
92384,-32.97297297297297,138.55855855855856
86384,-30.81081081081081,138.55855855855856
93383,-33.33333333333333,138.19819819819818
94378,-33.69369369369369,136.3963963963964
93386,-33.33333333333333,139.27927927927928
92381,-32.97297297297297,137.47747747747746
95381,-34.05405405405405,137.47747747747746
101388,-36.21621621621622,140.0
92379,-32.97297297297297,136.75675675675674
94380,-33.69369369369369,137.11711711711712
85385,-30.45045045045045,138.9189189189189
96381,-34.41441441441441,137.47747747747746
103387,-36.93693693693694,139.63963963963963
80319,-28.648648648648646,115.13513513513513
94327,-33.69369369369369,118.01801801801801
96329,-34.41441441441441,118.73873873873873
96322,-34.41441441441441,116.21621621621621
95331,-34.05405405405405,119.45945945945945
71322,-25.405405405405403,116.21621621621621
97328,-34.77477477477478,118.37837837837837
66335,-23.603603603603602,120.9009009009009
87337,-31.17117117117117,121.62162162162161
64328,-22.882882882882882,118.37837837837837
87324,-31.17117117117117,116.93693693693693
48344,-17.117117117117115,124.14414414414414
87325,-31.17117117117117,117.29729729729729
88328,-31.53153153153153,118.37837837837837
61319,-21.8018018018018,115.13513513513513
85335,-30.45045045045045,120.9009009009009
75315,-26.846846846846844,113.69369369369369
79319,-28.288288288288285,115.13513513513513
49340,-17.47747747747748,122.7027027027027
89330,-31.89189189189189,119.09909909909909
94331,-33.69369369369369,119.45945945945945
92326,-32.97297297297297,117.65765765765765
58325,-20.72072072072072,117.29729729729729
115409,-41.26126126126126,147.56756756756755
115404,-41.26126126126126,145.76576576576576
110399,-39.45945945945946,143.96396396396395
42369,-14.954954954954955,133.15315315315314
36367,-12.792792792792792,132.43243243243242
36364,-12.792792792792792,131.35135135135135
39377,-13.873873873873872,136.03603603603602
67369,-23.963963963963963,133.15315315315314
46363,-16.396396396396394,130.99099099099098
34268,-12.072072072072071,96.75675675675676
79415,-28.288288288288285,149.7297297297297
59402,-21.08108108108108,145.04504504504504
72405,-25.765765765765764,146.1261261261261
76418,-27.207207207207205,150.8108108108108
62410,-22.16216216216216,147.92792792792793
69423,-24.684684684684683,152.6126126126126
76425,-27.207207207207205,153.33333333333331
75414,-26.846846846846844,149.36936936936937
89370,-31.89189189189189,133.51351351351352
90391,-32.25225225225225,141.08108108108107
97382,-34.77477477477478,137.83783783783784
100383,-35.85585585585586,138.19819819819818
96386,-34.41441441441441,139.27927927927928
99388,-35.4954954954955,140.0
104389,-37.2972972972973,140.36036036036035
92378,-32.97297297297297,136.3963963963964
99381,-35.4954954954955,137.47747747747746
95389,-34.05405405405405,140.36036036036035
106390,-38.01801801801802,140.72072072072072
93380,-33.33333333333333,137.11711711711712
96389,-34.41441441441441,140.36036036036035
87383,-31.17117117117117,138.19819819819818
104388,-37.2972972972973,140.0
97376,-34.77477477477478,135.67567567567568
92372,-32.97297297297297,134.23423423423424
104391,-37.2972972972973,141.08108108108107
79318,-28.288288288288285,114.77477477477477
92329,-32.97297297297297,118.73873873873873
89324,-31.89189189189189,116.93693693693693
89322,-31.89189189189189,116.21621621621621
79326,-28.288288288288285,117.65765765765765
94337,-33.69369369369369,121.62162162162161
93331,-33.33333333333333,119.45945945945945
96319,-34.41441441441441,115.13513513513513
93337,-33.33333333333333,121.62162162162161
86319,-30.81081081081081,115.13513513513513
90330,-32.25225225225225,119.09909909909909
95319,-34.05405405405405,115.13513513513513
95327,-34.05405405405405,118.01801801801801
83349,-29.72972972972973,125.94594594594594
86322,-30.81081081081081,116.21621621621621
86329,-30.81081081081081,118.73873873873873
119406,-42.7027027027027,146.48648648648648
113401,-40.54054054054054,144.68468468468467
39378,-13.873873873873872,136.3963963963964
34379,-12.072072072072071,136.75675675675674
32362,-11.35135135135135,130.63063063063063
34374,-12.072072072072071,134.95495495495496
60368,-21.44144144144144,132.7927927927928
96397,-34.41441441441441,143.24324324324323
95405,-34.05405405405405,146.1261261261261
91408,-32.61261261261261,147.2072072072072
84407,-30.09009009009009,146.84684684684683
94409,-33.69369369369369,147.56756756756755
84422,-30.09009009009009,152.25225225225225
87411,-31.17117117117117,148.28828828828827
98403,-35.13513513513514,145.4054054054054
87414,-31.17117117117117,149.36936936936937
99403,-35.4954954954955,145.4054054054054
98407,-35.13513513513514,146.84684684684683
94398,-33.69369369369369,143.6036036036036
96407,-34.41441441441441,146.84684684684683
96414,-34.41441441441441,149.36936936936937
91422,-32.61261261261261,152.25225225225225
86409,-30.81081081081081,147.56756756756755
95407,-34.05405405405405,146.84684684684683
85421,-30.45045045045045,151.89189189189187
95408,-34.05405405405405,147.2072072072072
91412,-32.61261261261261,148.64864864864865
105397,-37.65765765765766,143.24324324324323
107407,-38.37837837837838,146.84684684684683
106397,-38.01801801801802,143.24324324324323
108405,-38.73873873873874,146.1261261261261
100404,-35.85585585585586,145.76576576576576
103409,-36.93693693693694,147.56756756756755
101410,-36.21621621621622,147.92792792792793
107393,-38.37837837837838,141.8018018018018
108396,-38.73873873873874,142.88288288288288
97395,-34.77477477477478,142.5225225225225
103411,-36.93693693693694,148.28828828828827
58384,-20.72072072072072,138.55855855855856
70407,-25.045045045045043,146.84684684684683
69418,-24.684684684684683,150.8108108108108
48401,-17.117117117117115,144.68468468468467
52401,-18.55855855855856,144.68468468468467
54408,-19.27927927927928,147.2072072072072
72414,-25.765765765765764,149.36936936936937
50403,-17.83783783783784,145.4054054054054
29396,-10.27027027027027,142.88288288288288
75419,-26.846846846846844,151.17117117117115
56408,-20.0,147.2072072072072
64415,-22.882882882882882,149.7297297297297
71411,-25.405405405405403,148.28828828828827
69414,-24.684684684684683,149.36936936936937
60401,-21.44144144144144,144.68468468468467
75400,-26.846846846846844,144.32432432432432
91417,-32.61261261261261,150.45045045045043
85411,-30.45045045045045,148.28828828828827
95410,-34.05405405405405,147.92792792792793
98404,-35.13513513513514,145.76576576576576
96411,-34.41441441441441,148.28828828828827
94394,-33.69369369369369,142.16216216216216
90417,-32.25225225225225,150.45045045045043
94416,-33.69369369369369,150.0900900900901
101411,-36.21621621621622,148.28828828828827
92414,-32.97297297297297,149.36936936936937
94405,-33.69369369369369,146.1261261261261
83421,-29.72972972972973,151.89189189189187
83416,-29.72972972972973,150.0900900900901
97408,-34.77477477477478,147.2072072072072
86420,-30.81081081081081,151.53153153153153
95411,-34.05405405405405,148.28828828828827
101394,-36.21621621621622,142.16216216216216
104413,-37.2972972972973,149.009009009009
105414,-37.65765765765766,149.36936936936937
106393,-38.01801801801802,141.8018018018018
99399,-35.4954954954955,143.96396396396395
97396,-34.77477477477478,142.88288288288288
104396,-37.2972972972973,142.88288288288288
102393,-36.57657657657658,141.8018018018018
102409,-36.57657657657658,147.56756756756755
102410,-36.57657657657658,147.92792792792793
106398,-38.01801801801802,143.6036036036036
101409,-36.21621621621622,147.56756756756755
105405,-37.65765765765766,146.1261261261261
49401,-17.47747747747748,144.68468468468467
55403,-19.63963963963964,145.4054054054054
68420,-24.324324324324323,151.53153153153153
76419,-27.207207207207205,151.17117117117115
72419,-25.765765765765764,151.17117117117115
59411,-21.08108108108108,148.28828828828827
47405,-16.756756756756754,146.1261261261261
54398,-19.27927927927928,143.6036036036036
48392,-17.117117117117115,141.44144144144144
49390,-17.47747747747748,140.72072072072072
70405,-25.045045045045043,146.1261261261261
66418,-23.603603603603602,150.8108108108108
51400,-18.1981981981982,144.32432432432432
77419,-27.567567567567565,151.17117117117115
64384,-22.882882882882882,138.55855855855856
56409,-20.0,147.56756756756755
94386,-33.69369369369369,139.27927927927928
98387,-35.13513513513514,139.63963963963963
100381,-35.85585585585586,137.47747747747746
101387,-36.21621621621622,139.63963963963963
96376,-34.41441441441441,135.67567567567568
94375,-33.69369369369369,135.3153153153153
97377,-34.77477477477478,136.03603603603602
103390,-36.93693693693694,140.72072072072072
101390,-36.21621621621622,140.72072072072072
99389,-35.4954954954955,140.36036036036035
90373,-32.25225225225225,134.59459459459458
90372,-32.25225225225225,134.23423423423424
90371,-32.25225225225225,133.87387387387386
99380,-35.4954954954955,137.11711711711712
90370,-32.25225225225225,133.51351351351352
75372,-26.846846846846844,134.23423423423424
91385,-32.61261261261261,138.9189189189189
98381,-35.13513513513514,137.47747747747746
94341,-33.69369369369369,123.06306306306305
83321,-29.72972972972973,115.85585585585585
94336,-33.69369369369369,121.26126126126125
77327,-27.567567567567565,118.01801801801801
95321,-34.05405405405405,115.85585585585585
69318,-24.684684684684683,114.77477477477477
69315,-24.684684684684683,113.69369369369369
92332,-32.97297297297297,119.81981981981981
76342,-27.207207207207205,123.42342342342342
89352,-31.89189189189189,127.02702702702702
50351,-17.83783783783784,126.66666666666666
74321,-26.486486486486484,115.85585585585585
94326,-33.69369369369369,117.65765765765765
61316,-21.8018018018018,114.05405405405405
84326,-30.09009009009009,117.65765765765765
57354,-20.36036036036036,127.74774774774774
96325,-34.41441441441441,117.29729729729729
63326,-22.52252252252252,117.65765765765765
86328,-30.81081081081081,118.37837837837837
89325,-31.89189189189189,117.29729729729729
115411,-41.26126126126126,148.28828828828827
114408,-40.9009009009009,147.2072072072072
113411,-40.54054054054054,148.28828828828827
111410,-39.81981981981982,147.92792792792793
46370,-16.396396396396394,133.51351351351352
35364,-12.432432432432432,131.35135135135135
41373,-14.594594594594595,134.59459459459458
98401,-35.13513513513514,144.68468468468467
90392,-32.25225225225225,141.44144144144144
98402,-35.13513513513514,145.04504504504504
85423,-30.45045045045045,152.6126126126126
91414,-32.61261261261261,149.36936936936937
94408,-33.69369369369369,147.2072072072072
87418,-31.17117117117117,150.8108108108108
99405,-35.4954954954955,146.1261261261261
94410,-33.69369369369369,147.92792792792793
97416,-34.77477477477478,150.0900900900901
84416,-30.09009009009009,150.0900900900901
96413,-34.41441441441441,149.009009009009
94411,-33.69369369369369,148.28828828828827
96404,-34.41441441441441,145.76576576576576
99397,-35.4954954954955,143.24324324324323
96392,-34.41441441441441,141.44144144144144
98391,-35.13513513513514,141.08108108108107
102394,-36.57657657657658,142.16216216216216
98394,-35.13513513513514,142.16216216216216
103407,-36.93693693693694,146.84684684684683
79408,-28.288288288288285,147.2072072072072
64412,-22.882882882882882,148.64864864864865
57395,-20.36036036036036,142.5225225225225
63411,-22.52252252252252,148.28828828828827
54389,-19.27927927927928,140.36036036036035
70413,-25.045045045045043,149.009009009009
52406,-18.55855855855856,146.48648648648648
65410,-23.243243243243242,147.92792792792793
40395,-14.234234234234233,142.5225225225225
58393,-20.72072072072072,141.8018018018018
60394,-21.44144144144144,142.16216216216216
55407,-19.63963963963964,146.84684684684683
36393,-12.792792792792792,141.8018018018018
49397,-17.47747747747748,143.24324324324323
72412,-25.765765765765764,148.64864864864865
80414,-28.648648648648646,149.36936936936937
70406,-25.045045045045043,146.48648648648648
78399,-27.927927927927925,143.96396396396395
61416,-21.8018018018018,150.0900900900901
27398,-9.54954954954955,143.6036036036036
87385,-31.17117117117117,138.9189189189189
100388,-35.85585585585586,140.0
92386,-32.97297297297297,139.27927927927928
88380,-31.53153153153153,137.11711711711712
102390,-36.57657657657658,140.72072072072072
93323,-33.33333333333333,116.57657657657657
86338,-30.81081081081081,121.98198198198197
50344,-17.83783783783784,124.14414414414414
67332,-23.963963963963963,119.81981981981981
82321,-29.36936936936937,115.85585585585585
91337,-32.61261261261261,121.62162162162161
58323,-20.72072072072072,116.57657657657657
90324,-32.25225225225225,116.93693693693693
85322,-30.45045045045045,116.21621621621621
92322,-32.97297297297297,116.21621621621621
96327,-34.41441441441441,118.01801801801801
97324,-34.77477477477478,116.93693693693693
71353,-25.405405405405403,127.38738738738738
98326,-35.13513513513514,117.65765765765765
114401,-40.9009009009009,144.68468468468467
116409,-41.62162162162162,147.56756756756755
114410,-40.9009009009009,147.92792792792793
117408,-41.98198198198198,147.2072072072072
117406,-41.98198198198198,146.48648648648648
61364,-21.8018018018018,131.35135135135135
71373,-25.405405405405403,134.59459459459458
35376,-12.432432432432432,135.67567567567568
39365,-13.873873873873872,131.7117117117117
35374,-12.432432432432432,134.95495495495496
39362,-13.873873873873872,130.63063063063063
34364,-12.072072072072071,131.35135135135135
56371,-20.0,133.87387387387386
84420,-30.09009009009009,151.53153153153153
83417,-29.72972972972973,150.45045045045043
88410,-31.53153153153153,147.92792792792793
89400,-31.89189189189189,144.32432432432432
88421,-31.53153153153153,151.89189189189187
82424,-29.36936936936937,152.97297297297297
82404,-29.36936936936937,145.76576576576576
89407,-31.89189189189189,146.84684684684683
91403,-32.61261261261261,145.4054054054054
86413,-30.81081081081081,149.009009009009
99401,-35.4954954954955,144.68468468468467
103414,-36.93693693693694,149.36936936936937
100414,-35.85585585585586,149.36936936936937
91409,-32.61261261261261,147.56756756756755
105407,-37.65765765765766,146.84684684684683
103393,-36.93693693693694,141.8018018018018
100395,-35.85585585585586,142.5225225225225
65415,-23.243243243243242,149.7297297297297
76412,-27.207207207207205,148.64864864864865
71405,-25.405405405405403,146.1261261261261
67413,-23.963963963963963,149.009009009009
70414,-25.045045045045043,149.36936936936937
80413,-28.648648648648646,149.009009009009
79416,-28.288288288288285,150.0900900900901
36397,-12.792792792792792,143.24324324324323
57411,-20.36036036036036,148.28828828828827
48398,-17.117117117117115,143.6036036036036
28394,-9.90990990990991,142.16216216216216
77418,-27.567567567567565,150.8108108108108
63393,-22.52252252252252,141.8018018018018
54405,-19.27927927927928,146.1261261261261
56400,-20.0,144.32432432432432
41393,-14.594594594594595,141.8018018018018
57407,-20.36036036036036,146.84684684684683
31395,-10.99099099099099,142.5225225225225
48387,-17.117117117117115,139.63963963963963
54396,-19.27927927927928,142.88288288288288
66409,-23.603603603603602,147.56756756756755
78417,-27.927927927927925,150.45045045045043
76364,-27.207207207207205,131.35135135135135
87380,-31.17117117117117,137.11711711711712
90384,-32.25225225225225,138.55855855855856
95391,-34.05405405405405,141.08108108108107
103389,-36.93693693693694,140.36036036036035
73361,-26.126126126126124,130.27027027027026
86375,-30.81081081081081,135.3153153153153
94376,-33.69369369369369,135.67567567567568
85379,-30.45045045045045,136.75675675675674
89368,-31.89189189189189,132.7927927927928
73358,-26.126126126126124,129.1891891891892
97380,-34.77477477477478,137.11711711711712
91374,-32.61261261261261,134.95495495495496
93382,-33.33333333333333,137.83783783783784
87377,-31.17117117117117,136.03603603603602
90376,-32.25225225225225,135.67567567567568
90327,-32.25225225225225,118.01801801801801
96330,-34.41441441441441,119.09909909909909
65315,-23.243243243243242,113.69369369369369
91332,-32.61261261261261,119.81981981981981
92321,-32.97297297297297,115.85585585585585
65323,-23.243243243243242,116.57657657657657
77316,-27.567567567567565,114.05405405405405
44357,-15.675675675675675,128.82882882882882
73339,-26.126126126126124,122.34234234234233
59322,-21.08108108108108,116.21621621621621
82320,-29.36936936936937,115.49549549549549
86320,-30.81081081081081,115.49549549549549
95320,-34.05405405405405,115.49549549549549
84320,-30.09009009009009,115.49549549549549
49342,-17.47747747747748,123.42342342342342
79323,-28.288288288288285,116.57657657657657
117402,-41.98198198198198,145.04504504504504
116403,-41.62162162162162,145.4054054054054
112399,-40.18018018018018,143.96396396396395
36362,-12.792792792792792,130.63063063063063
41367,-14.594594594594595,132.43243243243242
65367,-23.243243243243242,132.43243243243242
81466,-29.00900900900901,168.1081081081081
71416,-25.405405405405403,150.0900900900901
84387,-30.09009009009009,139.63963963963963
100379,-35.85585585585586,136.75675675675674
94379,-33.69369369369369,136.75675675675674
93390,-33.33333333333333,140.72072072072072
93375,-33.33333333333333,135.3153153153153
98378,-35.13513513513514,136.3963963963964
90383,-32.25225225225225,138.19819819819818
91383,-32.61261261261261,138.19819819819818
91386,-32.61261261261261,139.27927927927928
46351,-16.396396396396394,126.66666666666666
91327,-32.61261261261261,118.01801801801801
48348,-17.117117117117115,125.58558558558558
92328,-32.97297297297297,118.37837837837837
59332,-21.08108108108108,119.81981981981981
96323,-34.41441441441441,116.57657657657657
63315,-22.52252252252252,113.69369369369369
90335,-32.25225225225225,120.9009009009009
69350,-24.684684684684683,126.3063063063063
91329,-32.61261261261261,118.73873873873873
92320,-32.97297297297297,115.49549549549549
44347,-15.675675675675675,125.22522522522522
92337,-32.97297297297297,121.62162162162161
95323,-34.05405405405405,116.57657657657657
117409,-41.98198198198198,147.56756756756755
117410,-41.98198198198198,147.92792792792793
62369,-22.16216216216216,133.15315315315314
67368,-23.963963963963963,132.7927927927928
39376,-13.873873873873872,135.67567567567568
39379,-13.873873873873872,136.75675675675674
47365,-16.756756756756754,131.7117117117117
87413,-31.17117117117117,149.009009009009
98412,-35.13513513513514,148.64864864864865
83403,-29.72972972972973,145.4054054054054
91405,-32.61261261261261,146.1261261261261
85404,-30.45045045045045,145.76576576576576
94420,-33.69369369369369,151.53153153153153
90416,-32.25225225225225,150.0900900900901
96412,-34.41441441441441,148.64864864864865
82416,-29.36936936936937,150.0900900900901
95392,-34.05405405405405,141.44144144144144
90394,-32.25225225225225,142.16216216216216
81416,-29.00900900900901,150.0900900900901
84410,-30.09009009009009,147.92792792792793
88415,-31.53153153153153,149.7297297297297
108403,-38.73873873873874,145.4054054054054
104392,-37.2972972972973,141.44144144144144
97392,-34.77477477477478,141.44144144144144
103402,-36.93693693693694,145.04504504504504
60395,-21.44144144144144,142.5225225225225
38393,-13.513513513513512,141.8018018018018
81404,-29.00900900900901,145.76576576576576
71386,-25.405405405405403,139.27927927927928
74413,-26.486486486486484,149.009009009009
55405,-19.63963963963964,146.1261261261261
75416,-26.846846846846844,150.0900900900901
75411,-26.846846846846844,148.28828828828827
73410,-26.126126126126124,147.92792792792793
70415,-25.045045045045043,149.7297297297297
76417,-27.207207207207205,150.45045045045043
62413,-22.16216216216216,149.009009009009
67418,-23.963963963963963,150.8108108108108
58397,-20.72072072072072,143.24324324324323
75406,-26.846846846846844,146.48648648648648
86416,-30.81081081081081,150.0900900900901
83413,-29.72972972972973,149.009009009009
96406,-34.41441441441441,146.48648648648648
98399,-35.13513513513514,143.96396396396395
84415,-30.09009009009009,149.7297297297297
85416,-30.45045045045045,150.0900900900901
85407,-30.45045045045045,146.84684684684683
97397,-34.77477477477478,143.24324324324323
82418,-29.36936936936937,150.8108108108108
85422,-30.45045045045045,152.25225225225225
81401,-29.00900900900901,144.68468468468467
99412,-35.4954954954955,148.64864864864865
83414,-29.72972972972973,149.36936936936937
93411,-33.33333333333333,148.28828828828827
100410,-35.85585585585586,147.92792792792793
100401,-35.85585585585586,144.68468468468467
85418,-30.45045045045045,150.8108108108108
94413,-33.69369369369369,149.009009009009
85414,-30.45045045045045,149.36936936936937
98392,-35.13513513513514,141.44144144144144
101392,-36.21621621621622,141.44144144144144
108399,-38.73873873873874,143.96396396396395
98393,-35.13513513513514,141.8018018018018
65386,-23.243243243243242,139.27927927927928
30393,-10.63063063063063,141.8018018018018
48399,-17.117117117117115,143.96396396396395
60414,-21.44144144144144,149.36936936936937
29394,-10.27027027027027,142.16216216216216
56406,-20.0,146.48648648648648
62384,-22.16216216216216,138.55855855855856
66412,-23.603603603603602,148.64864864864865
73411,-26.126126126126124,148.28828828828827
73413,-26.126126126126124,149.009009009009
51397,-18.1981981981982,143.24324324324323
68414,-24.324324324324323,149.36936936936937
45401,-16.036036036036034,144.68468468468467
73419,-26.126126126126124,151.17117117117115
70410,-25.045045045045043,147.92792792792793
68412,-24.324324324324323,148.64864864864865
78412,-27.927927927927925,148.64864864864865
80404,-28.648648648648646,145.76576576576576
64388,-22.882882882882882,140.0
106391,-38.01801801801802,141.08108108108107
91373,-32.61261261261261,134.59459459459458
97375,-34.77477477477478,135.3153153153153
89366,-31.89189189189189,132.07207207207207
98380,-35.13513513513514,137.11711711711712
100380,-35.85585585585586,137.11711711711712
84383,-30.09009009009009,138.19819819819818
89378,-31.89189189189189,136.3963963963964
90388,-32.25225225225225,140.0
88376,-31.53153153153153,135.67567567567568
92385,-32.97297297297297,138.9189189189189
88385,-31.53153153153153,138.9189189189189
78353,-27.927927927927925,127.38738738738738
87321,-31.17117117117117,115.85585585585585
83327,-29.72972972972973,118.01801801801801
87323,-31.17117117117117,116.57657657657657
61327,-21.8018018018018,118.01801801801801
87330,-31.17117117117117,119.09909909909909
88356,-31.53153153153153,128.46846846846847
51343,-18.1981981981982,123.78378378378378
87328,-31.17117117117117,118.37837837837837
90329,-32.25225225225225,118.73873873873873
84330,-30.09009009009009,119.09909909909909
74316,-26.486486486486484,114.05405405405405
77320,-27.567567567567565,115.49549549549549
61333,-21.8018018018018,120.18018018018017
80321,-28.648648648648646,115.85585585585585
80317,-28.648648648648646,114.41441441441441
88338,-31.53153153153153,121.98198198198197
62328,-22.16216216216216,118.37837837837837
59372,-21.08108108108108,134.23423423423424
45372,-16.036036036036034,134.23423423423424
42367,-14.954954954954955,132.43243243243242
55372,-19.63963963963964,134.23423423423424
82415,-29.36936936936937,149.7297297297297
81418,-29.00900900900901,150.8108108108108
94401,-33.69369369369369,144.68468468468467
103412,-36.93693693693694,148.64864864864865
95400,-34.05405405405405,144.32432432432432
99402,-35.4954954954955,145.04504504504504
85402,-30.45045045045045,145.04504504504504
99404,-35.4954954954955,145.76576576576576
87409,-31.17117117117117,147.56756756756755
85412,-30.45045045045045,148.64864864864865
89391,-31.89189189189189,141.08108108108107
106411,-38.01801801801802,148.28828828828827
100393,-35.85585585585586,141.8018018018018
104407,-37.2972972972973,146.84684684684683
50401,-17.83783783783784,144.68468468468467
56410,-20.0,147.92792792792793
56412,-20.0,148.64864864864865
70418,-25.045045045045043,150.8108108108108
69413,-24.684684684684683,149.009009009009
67417,-23.963963963963963,150.45045045045043
74396,-26.486486486486484,142.88288288288288
58400,-20.72072072072072,144.32432432432432
69400,-24.684684684684683,144.32432432432432
62409,-22.16216216216216,147.56756756756755
63406,-22.52252252252252,146.48648648648648
44400,-15.675675675675675,144.32432432432432
51402,-18.1981981981982,145.04504504504504
61410,-21.8018018018018,147.92792792792793
57386,-20.36036036036036,139.27927927927928
50402,-17.83783783783784,145.04504504504504
48400,-17.117117117117115,144.32432432432432
28399,-9.90990990990991,143.96396396396395
78415,-27.927927927927925,149.7297297297297
89383,-31.89189189189189,138.19819819819818
106389,-38.01801801801802,140.36036036036035
90369,-32.25225225225225,133.15315315315314
91375,-32.61261261261261,135.3153153153153
76389,-27.207207207207205,140.36036036036035
98388,-35.13513513513514,140.0
89379,-31.89189189189189,136.75675675675674
82362,-29.36936936936937,130.63063063063063
88370,-31.53153153153153,133.51351351351352
89327,-31.89189189189189,118.01801801801801
62316,-22.16216216216216,114.05405405405405
93335,-33.33333333333333,120.9009009009009
46354,-16.396396396396394,127.74774774774774
96328,-34.41441441441441,118.37837837837837
94340,-33.69369369369369,122.7027027027027
92324,-32.97297297297297,116.93693693693693
85326,-30.45045045045045,117.65765765765765
93332,-33.33333333333333,119.81981981981981
83326,-29.72972972972973,117.65765765765765
89328,-31.89189189189189,118.37837837837837
89320,-31.89189189189189,115.49549549549549
118406,-42.34234234234234,146.48648648648648
115401,-41.26126126126126,144.68468468468467
61375,-21.8018018018018,135.3153153153153
64380,-22.882882882882882,137.11711711711712
36368,-12.792792792792792,132.7927927927928
44369,-15.675675675675675,133.15315315315314
70362,-25.045045045045043,130.63063063063063
44367,-15.675675675675675,132.43243243243242
56362,-20.0,130.63063063063063
33362,-11.711711711711711,130.63063063063063
57375,-20.36036036036036,135.3153153153153
90409,-32.25225225225225,147.56756756756755
80417,-28.648648648648646,150.45045045045043
81422,-29.00900900900901,152.25225225225225
93408,-33.33333333333333,147.2072072072072
93405,-33.33333333333333,146.1261261261261
89412,-31.89189189189189,148.64864864864865
104412,-37.2972972972973,148.64864864864865
61406,-21.8018018018018,146.48648648648648
72418,-25.765765765765764,150.8108108108108
71417,-25.405405405405403,150.45045045045043
74419,-26.486486486486484,151.17117117117115
50385,-17.83783783783784,138.9189189189189
57399,-20.36036036036036,143.96396396396395
79402,-28.288288288288285,145.04504504504504
65405,-23.243243243243242,146.1261261261261
80407,-28.648648648648646,146.84684684684683
58395,-20.72072072072072,142.5225225225225
77413,-27.567567567567565,149.009009009009
63414,-22.52252252252252,149.36936936936937
73392,-26.126126126126124,141.44144144144144
52403,-18.55855855855856,145.4054054054054
74410,-26.486486486486484,147.92792792792793
91377,-32.61261261261261,136.03603603603602
97391,-34.77477477477478,141.08108108108107
83379,-29.72972972972973,136.75675675675674
89371,-31.89189189189189,133.87387387387386
80378,-28.648648648648646,136.3963963963964
78318,-27.927927927927925,114.77477477477477
94324,-33.69369369369369,116.93693693693693
90326,-32.25225225225225,117.65765765765765
62321,-22.16216216216216,115.85585585585585
70313,-25.045045045045043,112.97297297297297
73329,-26.126126126126124,118.73873873873873
91328,-32.61261261261261,118.37837837837837
83323,-29.72972972972973,116.57657657657657
59323,-21.08108108108108,116.57657657657657
83336,-29.72972972972973,121.26126126126125
63322,-22.52252252252252,116.21621621621621
56332,-20.0,119.81981981981981
82322,-29.36936936936937,116.21621621621621
64326,-22.882882882882882,117.65765765765765
59326,-21.08108108108108,117.65765765765765
114405,-40.9009009009009,146.1261261261261
118403,-42.34234234234234,145.4054054054054
41366,-14.594594594594595,132.07207207207207
32366,-11.35135135135135,132.07207207207207
66365,-23.603603603603602,131.7117117117117
43374,-15.315315315315315,134.95495495495496
32361,-11.35135135135135,130.27027027027026
60371,-21.44144144144144,133.87387387387386
33363,-11.711711711711711,130.99099099099098
81410,-29.00900900900901,147.92792792792793
88414,-31.53153153153153,149.36936936936937
87422,-31.17117117117117,152.25225225225225
90412,-32.25225225225225,148.64864864864865
82412,-29.36936936936937,148.64864864864865
83422,-29.72972972972973,152.25225225225225
92418,-32.97297297297297,150.8108108108108
86419,-30.81081081081081,151.17117117117115
90405,-32.25225225225225,146.1261261261261
87417,-31.17117117117117,150.45045045045043
82419,-29.36936936936937,151.17117117117115
91423,-32.61261261261261,152.6126126126126
105415,-37.65765765765766,149.7297297297297
99395,-35.4954954954955,142.5225225225225
99394,-35.4954954954955,142.16216216216216
57396,-20.36036036036036,142.88288288288288
79392,-28.288288288288285,141.44144144144144
78404,-27.927927927927925,145.76576576576576
80410,-28.648648648648646,147.92792792792793
43397,-15.315315315315315,143.24324324324323
65413,-23.243243243243242,149.009009009009
74411,-26.486486486486484,148.28828828828827
46402,-16.396396396396394,145.04504504504504
58408,-20.72072072072072,147.2072072072072
49384,-17.47747747747748,138.55855855855856
58410,-20.72072072072072,147.92792792792793
78416,-27.927927927927925,150.0900900900901
51399,-18.1981981981982,143.96396396396395
56388,-20.0,140.0
70408,-25.045045045045043,147.2072072072072
73414,-26.126126126126124,149.36936936936937
79406,-28.288288288288285,146.48648648648648
63396,-22.52252252252252,142.88288288288288
74414,-26.486486486486484,149.36936936936937
75368,-26.846846846846844,132.7927927927928
89373,-31.89189189189189,134.59459459459458
98324,-35.13513513513514,116.93693693693693
84321,-30.09009009009009,115.85585585585585
63351,-22.52252252252252,126.66666666666666
77317,-27.567567567567565,114.41441441441441
86324,-30.81081081081081,116.93693693693693
93329,-33.33333333333333,118.73873873873873
81321,-29.00900900900901,115.85585585585585
81322,-29.00900900900901,116.21621621621621
86347,-30.81081081081081,125.22522522522522
76323,-27.207207207207205,116.57657657657657
92331,-32.97297297297297,119.45945945945945
70355,-25.045045045045043,128.1081081081081
93339,-33.33333333333333,122.34234234234233
64319,-22.882882882882882,115.13513513513513
117403,-41.98198198198198,145.4054054054054
39364,-13.873873873873872,131.35135135135135
34363,-12.072072072072071,130.99099099099098
62375,-22.16216216216216,135.3153153153153
89416,-31.89189189189189,150.0900900900901
83415,-29.72972972972973,149.7297297297297
93409,-33.33333333333333,147.56756756756755
91411,-32.61261261261261,148.28828828828827
100391,-35.85585585585586,141.08108108108107
63403,-22.52252252252252,145.4054054054054
54397,-19.27927927927928,143.24324324324323
50393,-17.83783783783784,141.8018018018018
57408,-20.36036036036036,147.2072072072072
48402,-17.117117117117115,145.04504504504504
46396,-16.396396396396394,142.88288288288288
71404,-25.405405405405403,145.76576576576576
60391,-21.44144144144144,141.08108108108107
53404,-18.91891891891892,145.76576576576576
61389,-21.8018018018018,140.36036036036035
85380,-30.45045045045045,137.11711711711712
85383,-30.45045045045045,138.19819819819818
75377,-26.846846846846844,136.03603603603602
92341,-32.97297297297297,123.06306306306305
59324,-21.08108108108108,116.93693693693693
68325,-24.324324324324323,117.29729729729729
87331,-31.17117117117117,119.45945945945945
88330,-31.53153153153153,119.09909909909909
92335,-32.97297297297297,120.9009009009009
88320,-31.53153153153153,115.49549549549549
87329,-31.17117117117117,118.73873873873873
76316,-27.207207207207205,114.05405405405405
49362,-17.47747747747748,130.63063063063063
36376,-12.792792792792792,135.67567567567568
63368,-22.52252252252252,132.7927927927928
84405,-30.09009009009009,146.1261261261261
87407,-31.17117117117117,146.84684684684683
95403,-34.05405405405405,145.4054054054054
92403,-32.97297297297297,145.4054054054054
49399,-17.47747747747748,143.96396396396395
72416,-25.765765765765764,150.0900900900901
66411,-23.603603603603602,148.28828828828827
63410,-22.52252252252252,147.92792792792793
60411,-21.44144144144144,148.28828828828827
70416,-25.045045045045043,150.0900900900901
75409,-26.846846846846844,147.56756756756755
50390,-17.83783783783784,140.72072072072072
52397,-18.55855855855856,143.24324324324323
77426,-27.567567567567565,153.6936936936937
67410,-23.963963963963963,147.92792792792793
47396,-16.756756756756754,142.88288288288288
66413,-23.603603603603602,149.009009009009
60385,-21.44144144144144,138.9189189189189
73363,-26.126126126126124,130.99099099099098
80370,-28.648648648648646,133.51351351351352
88389,-31.53153153153153,140.36036036036035
90389,-32.25225225225225,140.36036036036035
100390,-35.85585585585586,140.72072072072072
57328,-20.36036036036036,118.37837837837837
78342,-27.927927927927925,123.42342342342342
87339,-31.17117117117117,122.34234234234233
40351,-14.234234234234233,126.66666666666666
68315,-24.324324324324323,113.69369369369369
72354,-25.765765765765764,127.74774774774774
93328,-33.33333333333333,118.37837837837837
90331,-32.25225225225225,119.45945945945945
89329,-31.89189189189189,118.73873873873873
71328,-25.405405405405403,118.37837837837837
86331,-30.81081081081081,119.45945945945945
76326,-27.207207207207205,117.65765765765765
68322,-24.324324324324323,116.21621621621621
116410,-41.62162162162162,147.92792792792793
34376,-12.072072072072071,135.67567567567568
49370,-17.47747747747748,133.51351351351352
40360,-14.234234234234233,129.9099099099099
37361,-13.153153153153152,130.27027027027026
88412,-31.53153153153153,148.64864864864865
88406,-31.53153153153153,146.48648648648648
97407,-34.77477477477478,146.84684684684683
82420,-29.36936936936937,151.53153153153153
83408,-29.72972972972973,147.2072072072072
86408,-30.81081081081081,147.2072072072072
82402,-29.36936936936937,145.04504504504504
54409,-19.27927927927928,147.56756756756755
78418,-27.927927927927925,150.8108108108108
57389,-20.36036036036036,140.36036036036035
72417,-25.765765765765764,150.45045045045043
68410,-24.324324324324323,147.92792792792793
80403,-28.648648648648646,145.4054054054054
75415,-26.846846846846844,149.7297297297297
31394,-10.99099099099099,142.16216216216216
52384,-18.55855855855856,138.55855855855856
33394,-11.711711711711711,142.16216216216216
77417,-27.567567567567565,150.45045045045043
71412,-25.405405405405403,148.64864864864865
88379,-31.53153153153153,136.75675675675674
88377,-31.53153153153153,136.03603603603602
93389,-33.33333333333333,140.36036036036035
88368,-31.53153153153153,132.7927927927928
43356,-15.315315315315315,128.46846846846847
73317,-26.126126126126124,114.41441441441441
78319,-27.927927927927925,115.13513513513513
72313,-25.765765765765764,112.97297297297297
62324,-22.16216216216216,116.93693693693693
93343,-33.33333333333333,123.78378378378378
65317,-23.243243243243242,114.41441441441441
76317,-27.207207207207205,114.41441441441441
94333,-33.69369369369369,120.18018018018017
74314,-26.486486486486484,113.33333333333333
118402,-42.34234234234234,145.04504504504504
118407,-42.34234234234234,146.84684684684683
49363,-17.47747747747748,130.99099099099098
65364,-23.243243243243242,131.35135135135135
93406,-33.33333333333333,146.48648648648648
92406,-32.97297297297297,146.48648648648648
85413,-30.45045045045045,149.009009009009
97399,-34.77477477477478,143.96396396396395
87403,-31.17117117117117,145.4054054054054
81417,-29.00900900900901,150.45045045045043
103416,-36.93693693693694,150.0900900900901
84397,-30.09009009009009,143.24324324324323
60387,-21.44144144144144,139.63963963963963
50400,-17.83783783783784,144.32432432432432
48385,-17.117117117117115,138.9189189189189
73406,-26.126126126126124,146.48648648648648
80405,-28.648648648648646,146.1261261261261
76414,-27.207207207207205,149.36936936936937
52404,-18.55855855855856,145.76576576576576
66414,-23.603603603603602,149.36936936936937
78401,-27.927927927927925,144.68468468468467
86379,-30.81081081081081,136.75675675675674
88383,-31.53153153153153,138.19819819819818
91387,-32.61261261261261,139.63963963963963
86387,-30.81081081081081,139.63963963963963
98389,-35.13513513513514,140.36036036036035
89382,-31.89189189189189,137.83783783783784
72315,-25.765765765765764,113.69369369369369
53356,-18.91891891891892,128.46846846846847
92330,-32.97297297297297,119.09909909909909
62329,-22.16216216216216,118.73873873873873
58327,-20.72072072072072,118.01801801801801
93330,-33.33333333333333,119.09909909909909
54354,-19.27927927927928,127.74774774774774
73319,-26.126126126126124,115.13513513513513
58376,-20.72072072072072,135.67567567567568
63361,-22.52252252252252,130.27027027027026
34372,-12.072072072072071,134.23423423423424
46377,-16.396396396396394,136.03603603603602
62366,-22.16216216216216,132.07207207207207
82413,-29.36936936936937,149.009009009009
96396,-34.41441441441441,142.88288288288288
94404,-33.69369369369369,145.76576576576576
88407,-31.53153153153153,146.84684684684683
87408,-31.17117117117117,147.2072072072072
83405,-29.72972972972973,146.1261261261261
100411,-35.85585585585586,148.28828828828827
87400,-31.17117117117117,144.32432432432432
38395,-13.513513513513512,142.5225225225225
76409,-27.207207207207205,147.56756756756755
50388,-17.83783783783784,140.0
74405,-26.486486486486484,146.1261261261261
64408,-22.882882882882882,147.2072072072072
51393,-18.1981981981982,141.8018018018018
62397,-22.16216216216216,143.24324324324323
56386,-20.0,139.27927927927928
66401,-23.603603603603602,144.68468468468467
70397,-25.045045045045043,143.24324324324323
45394,-16.036036036036034,142.16216216216216
64390,-22.882882882882882,140.72072072072072
70404,-25.045045045045043,145.76576576576576
81412,-29.00900900900901,148.64864864864865
75404,-26.846846846846844,145.76576576576576
64395,-22.882882882882882,142.5225225225225
68411,-24.324324324324323,148.28828828828827
72409,-25.765765765765764,147.56756756756755
72415,-25.765765765765764,149.7297297297297
75410,-26.846846846846844,147.92792792792793
69415,-24.684684684684683,149.7297297297297
35395,-12.432432432432432,142.5225225225225
41397,-14.594594594594595,143.24324324324323
86376,-30.81081081081081,135.67567567567568
76386,-27.207207207207205,139.27927927927928
98390,-35.13513513513514,140.72072072072072
99390,-35.4954954954955,140.72072072072072
87379,-31.17117117117117,136.75675675675674
67328,-23.963963963963963,118.37837837837837
95339,-34.05405405405405,122.34234234234233
49343,-17.47747747747748,123.78378378378378
86353,-30.81081081081081,127.38738738738738
87336,-31.17117117117117,121.26126126126125
69340,-24.684684684684683,122.7027027027027
78327,-27.927927927927925,118.01801801801801
94329,-33.69369369369369,118.73873873873873
51340,-18.1981981981982,122.7027027027027
53346,-18.91891891891892,124.86486486486486
85327,-30.45045045045045,118.01801801801801
114407,-40.9009009009009,146.84684684684683
114409,-40.9009009009009,147.56756756756755
42362,-14.954954954954955,130.63063063063063
50359,-17.83783783783784,129.54954954954954
50376,-17.83783783783784,135.67567567567568
46362,-16.396396396396394,130.63063063063063
67374,-23.963963963963963,134.95495495495496
56381,-20.0,137.47747747747746
80412,-28.648648648648646,148.64864864864865
53403,-18.91891891891892,145.4054054054054
71395,-25.405405405405403,142.5225225225225
95375,-34.05405405405405,135.3153153153153
86373,-30.81081081081081,134.59459459459458
89386,-31.89189189189189,139.27927927927928
70317,-25.045045045045043,114.41441441441441
50346,-17.83783783783784,124.86486486486486
93334,-33.33333333333333,120.54054054054053
42354,-14.954954954954955,127.74774774774774
61320,-21.8018018018018,115.49549549549549
86336,-30.81081081081081,121.26126126126125
87332,-31.17117117117117,119.81981981981981
45359,-16.036036036036034,129.54954954954954
45378,-16.036036036036034,136.3963963963964
65370,-23.243243243243242,133.51351351351352
40367,-14.234234234234233,132.43243243243242
69372,-24.684684684684683,134.23423423423424
97401,-34.77477477477478,144.68468468468467
82407,-29.36936936936937,146.84684684684683
88403,-31.53153153153153,145.4054054054054
84418,-30.09009009009009,150.8108108108108
91396,-32.61261261261261,142.88288288288288
90410,-32.25225225225225,147.92792792792793
95399,-34.05405405405405,143.96396396396395
91410,-32.61261261261261,147.92792792792793
86410,-30.81081081081081,147.92792792792793
92392,-32.97297297297297,141.44144144144144
86414,-30.81081081081081,149.36936936936937
96399,-34.41441441441441,143.96396396396395
92417,-32.97297297297297,150.45045045045043
101391,-36.21621621621622,141.08108108108107
75405,-26.846846846846844,146.1261261261261
77415,-27.567567567567565,149.7297297297297
69412,-24.684684684684683,148.64864864864865
53402,-18.91891891891892,145.04504504504504
71415,-25.405405405405403,149.7297297297297
73404,-26.126126126126124,145.76576576576576
63413,-22.52252252252252,149.009009009009
74409,-26.486486486486484,147.56756756756755
63389,-22.52252252252252,140.36036036036035
57413,-20.36036036036036,149.009009009009
69406,-24.684684684684683,146.48648648648648
82376,-29.36936936936937,135.67567567567568
91389,-32.61261261261261,140.36036036036035
78338,-27.927927927927925,121.98198198198197
93340,-33.33333333333333,122.7027027027027
61323,-21.8018018018018,116.57657657657657
92333,-32.97297297297297,120.18018018018017
84328,-30.09009009009009,118.37837837837837
88332,-31.53153153153153,119.81981981981981
81326,-29.00900900900901,117.65765765765765
82332,-29.36936936936937,119.81981981981981
44356,-15.675675675675675,128.46846846846847
77321,-27.567567567567565,115.85585585585585
43365,-15.315315315315315,131.7117117117117
70358,-25.045045045045043,129.1891891891892
85406,-30.45045045045045,146.48648648648648
84412,-30.09009009009009,148.64864864864865
89395,-31.89189189189189,142.5225225225225
88401,-31.53153153153153,144.68468468468467
92397,-32.97297297297297,143.24324324324323
90411,-32.25225225225225,148.28828828828827
89403,-31.89189189189189,145.4054054054054
87405,-31.17117117117117,146.1261261261261
89415,-31.89189189189189,149.7297297297297
81414,-29.00900900900901,149.36936936936937
100394,-35.85585585585586,142.16216216216216
66410,-23.603603603603602,147.92792792792793
66403,-23.603603603603602,145.4054054054054
76407,-27.207207207207205,146.84684684684683
72407,-25.765765765765764,146.84684684684683
74403,-26.486486486486484,145.4054054054054
61387,-21.8018018018018,139.63963963963963
32395,-11.35135135135135,142.5225225225225
60406,-21.44144144144144,146.48648648648648
61412,-21.8018018018018,148.64864864864865
61409,-21.8018018018018,147.56756756756755
59403,-21.08108108108108,145.4054054054054
92407,-32.97297297297297,146.84684684684683
92408,-32.97297297297297,147.2072072072072
86421,-30.81081081081081,151.89189189189187
90408,-32.25225225225225,147.2072072072072
50398,-17.83783783783784,143.6036036036036
66407,-23.603603603603602,146.84684684684683
68387,-24.324324324324323,139.63963963963963
47388,-16.756756756756754,140.0
39397,-13.873873873873872,143.24324324324323
53395,-18.91891891891892,142.5225225225225
62408,-22.16216216216216,147.2072072072072
68413,-24.324324324324323,149.009009009009
46401,-16.396396396396394,144.68468468468467
49393,-17.47747747747748,141.8018018018018
65398,-23.243243243243242,143.6036036036036
54393,-19.27927927927928,141.8018018018018
67412,-23.963963963963963,148.64864864864865
62412,-22.16216216216216,148.64864864864865
46386,-16.396396396396394,139.27927927927928
75366,-26.846846846846844,132.07207207207207
79374,-28.288288288288285,134.95495495495496
92377,-32.97297297297297,136.03603603603602
90382,-32.25225225225225,137.83783783783784
85320,-30.45045045045045,115.49549549549549
91331,-32.61261261261261,119.45945945945945
73357,-26.126126126126124,128.82882882882882
70349,-25.045045045045043,125.94594594594594
70331,-25.045045045045043,119.45945945945945
85331,-30.45045045045045,119.45945945945945
80340,-28.648648648648646,122.7027027027027
118411,-42.34234234234234,148.28828828828827
116404,-41.62162162162162,145.76576576576576
38372,-13.513513513513512,134.23423423423424
38365,-13.513513513513512,131.7117117117117
68371,-24.324324324324323,133.87387387387386
53376,-18.91891891891892,135.67567567567568
62370,-22.16216216216216,133.51351351351352
44362,-15.675675675675675,130.63063063063063
62365,-22.16216216216216,131.7117117117117
88405,-31.53153153153153,146.1261261261261
93399,-33.33333333333333,143.96396396396395
81415,-29.00900900900901,149.7297297297297
89413,-31.89189189189189,149.009009009009
99392,-35.4954954954955,141.44144144144144
71414,-25.405405405405403,149.36936936936937
62387,-22.16216216216216,139.63963963963963
52393,-18.55855855855856,141.8018018018018
71418,-25.405405405405403,150.8108108108108
57404,-20.36036036036036,145.76576576576576
41403,-14.594594594594595,145.4054054054054
54400,-19.27927927927928,144.32432432432432
63400,-22.52252252252252,144.32432432432432
78395,-27.927927927927925,142.5225225225225
70411,-25.045045045045043,148.28828828828827
59398,-21.08108108108108,143.6036036036036
46393,-16.396396396396394,141.8018018018018
90380,-32.25225225225225,137.11711711711712
87382,-31.17117117117117,137.83783783783784
82363,-29.36936936936937,130.99099099099098
51348,-18.1981981981982,125.58558558558558
78337,-27.927927927927925,121.62162162162161
65326,-23.243243243243242,117.65765765765765
68357,-24.324324324324323,128.82882882882882
83322,-29.72972972972973,116.21621621621621
118405,-42.34234234234234,146.1261261261261
119405,-42.7027027027027,146.1261261261261
38362,-13.513513513513512,130.63063063063063
65365,-23.243243243243242,131.7117117117117
43372,-15.315315315315315,134.23423423423424
35371,-12.432432432432432,133.87387387387386
85410,-30.45045045045045,147.92792792792793
70412,-25.045045045045043,148.64864864864865
72406,-25.765765765765764,146.48648648648648
26394,-9.18918918918919,142.16216216216216
43402,-15.315315315315315,145.04504504504504
67421,-23.963963963963963,151.89189189189187
70392,-25.045045045045043,141.44144144144144
63386,-22.52252252252252,139.27927927927928
74408,-26.486486486486484,147.2072072072072
60408,-21.44144144144144,147.2072072072072
69405,-24.684684684684683,146.1261261261261
45402,-16.036036036036034,145.04504504504504
68395,-24.324324324324323,142.5225225225225
79417,-28.288288288288285,150.45045045045043
56398,-20.0,143.6036036036036
76405,-27.207207207207205,146.1261261261261
83372,-29.72972972972973,134.23423423423424
98379,-35.13513513513514,136.75675675675674
94388,-33.69369369369369,140.0
86330,-30.81081081081081,119.09909909909909
47340,-16.756756756756754,122.7027027027027
94335,-33.69369369369369,120.9009009009009
55336,-19.63963963963964,121.26126126126125
89341,-31.89189189189189,123.06306306306305
70348,-25.045045045045043,125.58558558558558
73355,-26.126126126126124,128.1081081081081
76328,-27.207207207207205,118.37837837837837
85334,-30.45045045045045,120.54054054054053
78317,-27.927927927927925,114.41441441441441
59374,-21.08108108108108,134.95495495495496
36361,-12.792792792792792,130.27027027027026
71371,-25.405405405405403,133.87387387387386
70367,-25.045045045045043,132.43243243243242
65366,-23.243243243243242,132.07207207207207
33370,-11.711711711711711,133.51351351351352
60400,-21.44144144144144,144.32432432432432
77414,-27.567567567567565,149.36936936936937
47386,-16.756756756756754,139.27927927927928
71410,-25.405405405405403,147.92792792792793
73366,-26.126126126126124,132.07207207207207
93373,-33.33333333333333,134.59459459459458
58320,-20.72072072072072,115.49549549549549
86333,-30.81081081081081,120.18018018018017
89347,-31.89189189189189,125.22522522522522
94342,-33.69369369369369,123.42342342342342
77319,-27.567567567567565,115.13513513513513
84324,-30.09009009009009,116.93693693693693
83320,-29.72972972972973,115.49549549549549
78334,-27.927927927927925,120.54054054054053
97321,-34.77477477477478,115.85585585585585
79320,-28.288288288288285,115.49549549549549
96320,-34.41441441441441,115.49549549549549
73351,-26.126126126126124,126.66666666666666
73318,-26.126126126126124,114.77477477477477
64374,-22.882882882882882,134.95495495495496
40365,-14.234234234234233,131.7117117117117
35369,-12.432432432432432,133.15315315315314
37365,-13.153153153153152,131.7117117117117
35365,-12.432432432432432,131.7117117117117
70379,-25.045045045045043,136.75675675675674
94393,-33.69369369369369,141.8018018018018
91406,-32.61261261261261,146.48648648648648
82410,-29.36936936936937,147.92792792792793
88441,-31.53153153153153,159.09909909909908
92395,-32.97297297297297,142.5225225225225
67391,-23.963963963963963,141.08108108108107
76410,-27.207207207207205,147.92792792792793
53393,-18.91891891891892,141.8018018018018
62407,-22.16216216216216,146.84684684684683
53398,-18.91891891891892,143.6036036036036
51396,-18.1981981981982,142.88288288288288
80415,-28.648648648648646,149.7297297297297
85409,-30.45045045045045,147.56756756756755
97405,-34.77477477477478,146.1261261261261
96400,-34.41441441441441,144.32432432432432
87398,-31.17117117117117,143.6036036036036
109406,-39.0990990990991,146.48648648648648
77411,-27.567567567567565,148.28828828828827
49400,-17.47747747747748,144.32432432432432
46398,-16.396396396396394,143.6036036036036
35393,-12.432432432432432,141.8018018018018
56395,-20.0,142.5225225225225
52389,-18.55855855855856,140.36036036036035
88374,-31.53153153153153,134.95495495495496
80381,-28.648648648648646,137.47747747747746
100386,-35.85585585585586,139.27927927927928
80383,-28.648648648648646,138.19819819819818
87384,-31.17117117117117,138.55855855855856
85321,-30.45045045045045,115.85585585585585
77318,-27.567567567567565,114.77477477477477
53340,-18.91891891891892,122.7027027027027
94330,-33.69369369369369,119.09909909909909
94334,-33.69369369369369,120.54054054054053
47344,-16.756756756756754,124.14414414414414
54352,-19.27927927927928,127.02702702702702
93336,-33.33333333333333,121.26126126126125
71355,-25.405405405405403,128.1081081081081
58329,-20.72072072072072,118.73873873873873
117404,-41.98198198198198,145.76576576576576
41368,-14.594594594594595,132.7927927927928
40361,-14.234234234234233,130.27027027027026
96403,-34.41441441441441,145.4054054054054
61411,-21.8018018018018,148.28828828828827
58405,-20.72072072072072,146.1261261261261
73407,-26.126126126126124,146.84684684684683
80400,-28.648648648648646,144.32432432432432
42400,-14.954954954954955,144.32432432432432
78406,-27.927927927927925,146.48648648648648
67409,-23.963963963963963,147.56756756756755
78407,-27.927927927927925,146.84684684684683
63415,-22.52252252252252,149.7297297297297
81374,-29.00900900900901,134.95495495495496
90386,-32.25225225225225,139.27927927927928
92376,-32.97297297297297,135.67567567567568
81388,-29.00900900900901,140.0
85377,-30.45045045045045,136.03603603603602
91379,-32.61261261261261,136.75675675675674
86341,-30.81081081081081,123.06306306306305
57323,-20.36036036036036,116.57657657657657
95330,-34.05405405405405,119.09909909909909
70319,-25.045045045045043,115.13513513513513
74317,-26.486486486486484,114.41441441441441
85336,-30.45045045045045,121.26126126126125
85338,-30.45045045045045,121.98198198198197
61322,-21.8018018018018,116.21621621621621
62319,-22.16216216216216,115.13513513513513
73348,-26.126126126126124,125.58558558558558
68317,-24.324324324324323,114.41441441441441
47380,-16.756756756756754,137.11711711711712
59379,-21.08108108108108,136.75675675675674
38370,-13.513513513513512,133.51351351351352
37364,-13.153153153153152,131.35135135135135
52381,-18.55855855855856,137.47747747747746
44379,-15.675675675675675,136.75675675675674
38363,-13.513513513513512,130.99099099099098
41374,-14.594594594594595,134.95495495495496
82409,-29.36936936936937,147.56756756756755
91399,-32.61261261261261,143.96396396396395
83392,-29.72972972972973,141.44144144144144
88408,-31.53153153153153,147.2072072072072
95401,-34.05405405405405,144.68468468468467
81407,-29.00900900900901,146.84684684684683
69411,-24.684684684684683,148.28828828828827
54387,-19.27927927927928,139.63963963963963
77416,-27.567567567567565,150.0900900900901
81409,-29.00900900900901,147.56756756756755
56394,-20.0,142.16216216216216
59410,-21.08108108108108,147.92792792792793
44403,-15.675675675675675,145.4054054054054
63417,-22.52252252252252,150.45045045045043
47399,-16.756756756756754,143.96396396396395
90374,-32.25225225225225,134.95495495495496
87335,-31.17117117117117,120.9009009009009
74325,-26.486486486486484,117.29729729729729
67318,-23.963963963963963,114.77477477477477
89332,-31.89189189189189,119.81981981981981
49356,-17.47747747747748,128.46846846846847
72317,-25.765765765765764,114.41441441441441
111409,-39.81981981981982,147.56756756756755
59382,-21.08108108108108,137.83783783783784
93403,-33.33333333333333,145.4054054054054
93401,-33.33333333333333,144.68468468468467
81413,-29.00900900900901,149.009009009009
93395,-33.33333333333333,142.5225225225225
82394,-29.36936936936937,142.16216216216216
83399,-29.72972972972973,143.96396396396395
58411,-20.72072072072072,148.28828828828827
80396,-28.648648648648646,142.88288288288288
55384,-19.63963963963964,138.55855855855856
77404,-27.567567567567565,145.76576576576576
51394,-18.1981981981982,142.16216216216216
76393,-27.207207207207205,141.8018018018018
52386,-18.55855855855856,139.27927927927928
73418,-26.126126126126124,150.8108108108108
69407,-24.684684684684683,146.84684684684683
36394,-12.792792792792792,142.16216216216216
68409,-24.324324324324323,147.56756756756755
71406,-25.405405405405403,146.48648648648648
60383,-21.44144144144144,138.19819819819818
58406,-20.72072072072072,146.48648648648648
63416,-22.52252252252252,150.0900900900901
41401,-14.594594594594595,144.68468468468467
49396,-17.47747747747748,142.88288288288288
63391,-22.52252252252252,141.08108108108107
92380,-32.97297297297297,137.11711711711712
85389,-30.45045045045045,140.36036036036035
91380,-32.61261261261261,137.11711711711712
75369,-26.846846846846844,133.15315315315314
81373,-29.00900900900901,134.59459459459458
76370,-27.207207207207205,133.51351351351352
77375,-27.567567567567565,135.3153153153153
105388,-37.65765765765766,140.0
90344,-32.25225225225225,124.14414414414414
42351,-14.954954954954955,126.66666666666666
58328,-20.72072072072072,118.37837837837837
88331,-31.53153153153153,119.45945945945945
78347,-27.927927927927925,125.22522522522522
50355,-17.83783783783784,128.1081081081081
74319,-26.486486486486484,115.13513513513513
75319,-26.846846846846844,115.13513513513513
44355,-15.675675675675675,128.1081081081081
64373,-22.882882882882882,134.59459459459458
51363,-18.1981981981982,130.99099099099098
52368,-18.55855855855856,132.7927927927928
70363,-25.045045045045043,130.99099099099098
